{
  "IsEncrypted": false,
  "Values": {
    "AzureWebJobsStorage": "UseDevelopmentStorage=true",
    "FUNCTIONS_WORKER_RUNTIME": "dotnet",
    "APPINSIGHTS_INSTRUMENTATIONKEY": "0cb3f044-208d-43c1-9e0d-2807d461bcfd",
    "FirstData::ApiBaseAddress": "http://first-data.digitalsandbox.newdaycards.com:8080/api/fs/fv_emea/",
    "FirstData::ApiResourceIdentifier": "https://management.core.windows.net",
    "FirstData::ConnectionString::Brands": "Server=tcp:sqlsrngdfdfnd00.database.windows.net,1433;Initial Catalog=sqldbngdfdbrd00;",
    "FirstData::Brands_CacheTime": 21600,
    "CacheTimeInSeconds": 120,
    "Redis::ConnectionString": "",
    "HealthCheckData::AccountInquiryRequest": "{\"common\": {\"clientNumber\": \"01043\"},\"account\": \"3915000010172672\"}",
    "HealthCheckData::MonetaryActionRequest": "{\"common\": {\"clientNumber\": \"01043\"},\"account\": \"3915000010172672\"}"
  }
}