{
    "IsEncrypted": false,
  "Values": {
    "AzureWebJobsStorage": "UseDevelopmentStorage=true",
    "FUNCTIONS_WORKER_RUNTIME": "dotnet",
    "APPINSIGHTS_INSTRUMENTATIONKEY": "decf891f-c7bc-43ac-8264-302a0f5edeeb",
    "DatabaseConnectionString": "Server=tcp:sqlazusitneuesvc01.database.windows.net;initial catalog=sqldbazusitneuesvc01;Persist Security Info=True;MultipleActiveResultSets=True;Encrypt=True;TrustServerCertificate=False;Connection Timeout=30",
    "NumMonthsMessagesKept": 12,
    "NumMonthsStatementsKept": 6,
    "WelcomeMessageDate": "18/02/2018",
    "BlobStorageConnectionString": "DefaultEndpointsProtocol=https;AccountName=strazusitneuesvc01;AccountKey=ItzB+3FnjI254KM0+KPnMMCxFbGshc+GENaGTDKHejsE8fZoclikAAZQ5fPXaw7NMRzlcnteA82izm5UECYMcQ==",
    "BlobStorageContainerName": "dststatements",
    "AES": "560A18CD-6346-4CF0-A2E8-671F9B6B9EA9",
    "TenantId": "2a15a8b5-49d1-49bc-b63c-c7c8c87bdc57",
    "ApimApplicationId": "dbc586ba-eed8-4026-8765-94f1c020ca26",
    "ApimBaseUrl": "https://api.sitint-newdaycards.com",
    "ApimPath": "/paragon",
    "ApimSubscriptionKey": "9d00c71233014c7fae149e6cedf5d040",
    "ParagonUsername": "ndws_uat@newday.co.uk",
    "ParagonPasswordToken": "7405CEB56ED64702C1B61665B8977EB72FB86B360D8085BFE238AFD27F5052446FCD329714D66B096A71E937D3A6117C0823FD137672F49E4063C6D59A05EB90",
    "ParagonSource": "ndw_uat",
    "ParagonRetriesEnabled": true,
    "ParagonRetryCount": 3,
    "DocTypeStatement": "STAT",
    "DocTypeDDNotification": "D475,D476,D477,D478,D479,D480",
    "DocTypeENov": "NOV",
    "NumDaysDocumentsCached": 3650,
    "MaxStatementsToLoad": 6,
    "FoundationDataStore::BaseUrl": "https://funapngdfdds0101.azurewebsites.net/",
    "FoundationDataStore::SearchEndpoint": "v1/Search",
    "FoundationDataStore::RetrieveEndpoint": "v1/Retrieve",
    "FoundationDataStore::TenantId": "2a15a8b5-49d1-49bc-b63c-c7c8c87bdc57",
    "FoundationDataStore::ResourceId": "https://funapngdfdds0101.azurewebsites.net",
    "FoundationDataStore::SubscriptionKey": "0f8b9bd9-53ae-4493-9477-e048ca720641",
    "FoundationCcaBrands": "bip",
    "DefaultApiTimeout": "10000",
    "CcaMessageBody": "<p><strong>Your Bip Credit Agreement</strong></p><p>Hello,</p><p>A copy of your Credit Agreement is attached to this message. Every time the Bip team provide new or updated Bip account details, a copy of the Credit Agreement is sent to you for your records.</p> <p>The Bip team are sending this to you because you have:<ul><li>just opened a Bip account</li><li>asked the Bip team for new account details, or</li><li>just been given new account details because your current ones are expiring.</li></ul></p><p><strong>If you have received updated account details</strong></p><p>There�s no need to update your Apple Wallet or Google Pay, this has already been done. Make sure that you update any existing subscription or recurring transactions using the new account details given to you.</p><p> Feel free to message the Bip team (Need help > message the Bip team) if you have any questions.</p><p>Yours sincerely,</p><p>Francesca Rea</p><p>Director of Customer Service</p><p><small>Credit is provided by NewDay Ltd. NewDay Ltd and NewDay Cards Ltd are registered in England and Wales (nos 7297722 and 4134880, registered office 7 Handyside Street, London, N1C 4DA) and form part of the NewDay group of companies. NewDay Ltd and NewDay Cards Ltd are authorised and regulated by the Financial Conduct Authority (ref nos 690292 and 682417). NewDay Ltd is also authorised by the Financial Conduct Authority under the Payment Services Regulations 2017 for the provision of payment services (ref no 555318).</small></p><p><small>Bip is a trademark of NewDay Cards Ltd, which is used under licence by NewDay Ltd.</small></p>"
  }
}