{
  "resourceId": "/subscriptions/#{azure_provider_subscription_id}/resourceGroups/#{resource_group_name}/providers/Microsoft.Web/sites/#{function_app_name}",
  "allowInbound": {
    "securityRestrictions": {
      "resourceIds": [
        "/subscriptions/#{azure_provider_subscription_id}/resourceGroups/rg#{environment_id}eswa01/providers/Microsoft.Web/sites/apsvc#{environment_id}eswa0101",
        "/subscriptions/#{azure_provider_subscription_id}/resourceGroups/rgngpeswa01/providers/Microsoft.Web/sites/apsvcngpeswa0101",
        "/subscriptions/#{azure_provider_subscription_id}/resourceGroups/rgnppeswa01/providers/Microsoft.Web/sites/apsvcnppeswa0101",
        "/subscriptions/#{azure_provider_subscription_id}/resourceGroups/rg#{environment_id}mapi01/providers/Microsoft.Web/sites/apsvc#{environment_id}mapi0101",
        "/subscriptions/#{azure_provider_subscription_id}/resourceGroups/rgngpmapi01/providers/Microsoft.Web/sites/apsvcngpmapi0101",
        "/subscriptions/#{azure_provider_subscription_id}/resourceGroups/rgnppmapi01/providers/Microsoft.Web/sites/apsvcnppmapi0101",
        "/subscriptions/#{azure_provider_subscription_id}/resourceGroups/rg#{environment_id}essvc02/providers/Microsoft.Web/sites/apsvc#{environment_id}essvc0201",
        "/subscriptions/#{azure_provider_subscription_id}/resourceGroups/rgngpessvc02/providers/Microsoft.Web/sites/apsvcngpessvc0201",
        "/subscriptions/#{azure_provider_subscription_id}/resourceGroups/rgnppessvc02/providers/Microsoft.Web/sites/apsvcnppessvc0201"
      ],
      "azureServiceTags": [],
      "newDayInternalAndThirdPartyTags": [
        "Influential",
        "Kainos",
        "KCOM.Leeds",
        "NewDay.BreakoutBox",
        "Octopus.Private",
        "Octopus.Public",
        "TeamCity",
        "VeraCode",
        "VPN.DIA.Leeds",
        "VPN.DIA.London",
        "YLD"
      ]
    }
  },
  "allowOutbound": {
    "resourceIds": [
      "/subscriptions/#{azure_provider_subscription_id}/resourceGroups/rg#{environment_id}fdds01/providers/Microsoft.Web/sites/funap#{environment_id}fdds0101",
      "/subscriptions/#{azure_provider_subscription_id}/resourceGroups/rgngpfdds01/providers/Microsoft.Web/sites/funapngpfdds0101",
      "/subscriptions/#{azure_provider_subscription_id}/resourceGroups/rgnppfdds01/providers/Microsoft.Web/sites/funapnppfdds0101"
    ]
  }
}

